qdate,ir,fx,cci,gdp,wti,cpi,bci,loggdp,logwti
1986 Q1,12.45,1.44,99.47,275127,17,5.85,100.45,12.52,2.83
1986 Q2,10.22,1.51,99.49,277167,13.92,4.07,99.73,12.53,2.63
1986 Q3,10.04,1.49,100.04,278438,13.86,3.7,99.73,12.54,2.63
1986 Q4,11.27,1.43,100.53,283425,15.38,4.54,100.89,12.55,2.73
1987 Q1,10.67,1.54,101.5,286089,18.23,4.85,102.01,12.56,2.90
1987 Q2,9.21,1.64,102.59,290275,19.36,4.66,103.11,12.58,2.96
1987 Q3,9.85,1.62,102.45,297303,20.39,4.97,103.74,12.60,3.02
1987 Q4,9,1.75,102.07,300606,18.67,4.71,104.38,12.61,2.93
1988 Q1,9.03,1.8,101.87,305824,16.71,4.03,104.25,12.63,2.82
1988 Q2,8.47,1.84,101.81,307500,17.28,4.93,103.96,12.64,2.85
1988 Q3,11.4,1.7,101.27,312065,15.16,6.04,104.01,12.65,2.72
1988 Q4,12.51,1.79,100.21,314663,14.68,7.32,103.67,12.66,2.69
1989 Q1,13.1,1.75,99.41,315946,18.42,8.62,102.34,12.66,2.91
1989 Q2,13.53,1.63,98.59,317925,20.36,8.73,101.29,12.67,3.01
1989 Q3,13.98,1.6,98.33,318139,19.25,8.17,100.89,12.67,2.96
1989 Q4,15.12,1.58,97.72,318355,20.33,7.72,100.11,12.67,3.01
1990 Q1,15.22,1.66,97.11,320418,21.72,7.76,99.43,12.68,3.08
1990 Q2,15.15,1.68,96.21,321991,17.9,10.19,99.2,12.68,2.88
1990 Q3,14.98,1.86,96.77,318578,26.5,10.72,98.23,12.67,3.28
1990 Q4,13.87,1.95,97.72,317429,31.85,10.06,96.58,12.67,3.46
1991 Q1,13.26,1.91,98.44,316429,21.78,9.11,95.08,12.66,3.08
1991 Q2,11.63,1.71,99.37,315958,20.75,5.66,95.26,12.66,3.03
1991 Q3,10.8,1.69,99.75,315193,21.66,4.46,96.39,12.66,3.08
1991 Q4,10.61,1.77,100.39,315669,21.74,4.14,97.2,12.66,3.08
1992 Q1,10.6,1.77,100.47,315631,18.91,3.91,96.89,12.66,2.94
1992 Q2,10.27,1.81,101.04,315196,21.19,4.62,97.96,12.66,3.05
1992 Q3,10.22,1.9,98.45,317131,21.67,4.39,96.79,12.67,3.08
1992 Q4,7.63,1.58,97.1,319248,20.48,3.54,96.74,12.67,3.02
1993 Q1,6.42,1.48,98.3,321451,19.83,1.8,98.23,12.68,2.99
1993 Q2,6.01,1.53,98.54,322977,19.76,0.99,99.55,12.69,2.98
1993 Q3,5.96,1.5,99.12,325512,17.8,1.24,99.8,12.69,2.88
1993 Q4,5.6,1.49,98.63,327688,16.45,1.54,100.12,12.70,2.80
1994 Q1,5.31,1.49,97.97,331506,14.81,2.67,100.62,12.71,2.70
1994 Q2,5.23,1.5,97.23,335294,17.78,2.68,101.07,12.72,2.88
1994 Q3,5.54,1.55,98.66,338943,18.5,2.22,102,12.73,2.92
1994 Q4,6.18,1.59,98.89,340781,17.66,2.49,102.64,12.74,2.87
1995 Q1,6.72,1.58,98.73,342037,18.36,3.12,102.93,12.74,2.91
1995 Q2,6.74,1.6,98.8,343279,19.34,3.46,102.4,12.75,2.96
1995 Q3,6.85,1.57,100.15,346656,17.85,3.71,101.49,12.76,2.88
1995 Q4,6.7,1.56,100.85,347458,18.16,3.04,100.55,12.76,2.90
1996 Q1,6.28,1.53,101.18,349384,19.77,2.58,100.2,12.76,2.98
1996 Q2,6.05,1.52,101,350120,21.76,1.85,99.87,12.77,3.08
1996 Q3,5.84,1.55,101.29,353981,22.42,1.74,100.78,12.78,3.11
1996 Q4,6.28,1.64,102.07,359441,24.67,2.42,101.31,12.79,3.21
1997 Q1,6.34,1.63,102.56,365887,22.79,2,100.96,12.81,3.13
1997 Q2,6.55,1.64,102.99,368979,19.91,1.84,100.87,12.82,2.99
1997 Q3,7.19,1.63,103.02,371488,19.78,1.8,101.18,12.83,2.98
1997 Q4,7.57,1.66,102.99,375935,19.92,1.87,101.51,12.84,2.99
1998 Q1,7.57,1.65,102.67,378525,15.93,1.69,100.76,12.84,2.77
1998 Q2,7.58,1.65,102.52,381241,14.65,1.63,99.21,12.85,2.68
1998 Q3,7.67,1.65,101.2,383238,14.13,1.32,97.4,12.86,2.65
1998 Q4,6.89,1.68,101.25,386036,12.84,1.14,96.29,12.86,2.55
1999 Q1,5.63,1.63,102.11,388351,13.05,1.05,97.13,12.87,2.57
1999 Q2,5.3,1.61,102.6,389518,17.66,0.87,98.96,12.87,2.87
1999 Q3,5.28,1.6,102.68,395738,21.74,0.65,99.98,12.89,3.08
1999 Q4,5.98,1.63,103.02,401153,24.56,0.39,100.8,12.90,3.20
2000 Q1,6.2,1.61,102.91,405110,28.81,0.09,100.38,12.91,3.36
2000 Q2,6.28,1.53,102.26,407731,28.78,-0.04,99.43,12.92,3.36
2000 Q3,6.21,1.48,102.11,409290,31.62,0,99.64,12.92,3.45
2000 Q4,6.07,1.45,102.56,410460,31.98,0.26,100.58,12.93,3.47
2001 Q1,5.72,1.46,102.94,413970,28.81,0.48,99.79,12.93,3.36
2001 Q2,5.3,1.42,102.93,415874,27.88,1.03,98.77,12.94,3.33
2001 Q3,4.99,1.44,102.58,417821,26.6,1.56,98.36,12.94,3.28
2001 Q4,4.16,1.44,102.23,418764,20.4,1.2,97.25,12.95,3.02
2002 Q1,4.08,1.43,102.89,420979,21.61,1.6,97.92,12.95,3.07
2002 Q2,4.17,1.46,102.94,423711,26.27,1.32,99.09,12.96,3.27
2002 Q3,4.01,1.55,103.06,426683,28.33,1.36,99.64,12.96,3.34
2002 Q4,3.98,1.57,102.64,430438,28.18,1.65,99.26,12.97,3.34
2003 Q1,3.8,1.6,101.04,432853,34.12,1.57,98.25,12.98,3.53
2003 Q2,3.64,1.62,101.16,436157,29.04,1.26,97.97,12.99,3.37
2003 Q3,3.57,1.61,101.24,440440,30.21,1.26,98.16,13.00,3.41
2003 Q4,3.93,1.71,101.17,443924,31.19,1.04,99.22,13.00,3.44
2004 Q1,4.17,1.84,101.3,445908,35.26,1.09,100.58,13.01,3.56
2004 Q2,4.57,1.81,100.98,448330,38.33,1.12,101.08,13.01,3.65
2004 Q3,4.92,1.82,100.76,449436,43.86,1,101.15,13.02,3.78
2004 Q4,4.89,1.86,101.19,451003,48.31,1.07,100.8,13.02,3.88
2005 Q1,4.92,1.89,101.61,453744,49.71,1.28,100.38,13.03,3.91
2005 Q2,4.89,1.86,101.42,458115,53.04,1.43,98.89,13.03,3.97
2005 Q3,4.62,1.78,101.22,462156,63.08,1.76,98.99,13.04,4.14
2005 Q4,4.61,1.75,100.82,467203,60.03,1.66,99.18,13.05,4.09
2006 Q1,4.59,1.75,100.9,469679,63.35,1.7,99.52,13.06,4.15
2006 Q2,4.69,1.83,100.88,471304,70.53,1.7,100.5,13.06,4.26
2006 Q3,4.9,1.87,100.79,472400,70.44,1.6,100.76,13.07,4.25
2006 Q4,5.22,1.91,100.91,475414,60.09,1.9,100.95,13.07,4.10
2007 Q1,5.53,1.95,100.48,479140,58.13,2,101.65,13.08,4.06
2007 Q2,5.77,1.99,101.07,481362,64.97,2.1,102.07,13.08,4.17
2007 Q3,6.36,2.02,101.26,484647,75.5,1.9,101.91,13.09,4.32
2007 Q4,6.35,2.05,100.81,486514,90.85,1.8,101.54,13.10,4.51
2008 Q1,5.73,1.98,99.62,489449,97.95,1.7,101.23,13.10,4.58
2008 Q2,5.89,1.97,96.92,487244,123.96,1.9,100.17,13.10,4.82
2008 Q3,5.84,1.89,95.35,479983,117.98,2.3,98.55,13.08,4.77
2008 Q4,4.58,1.57,95.36,470358,58.37,1.9,95.8,13.06,4.07
2009 Q1,2.09,1.43,95.22,461881,42.96,1.8,93.83,13.04,3.76
2009 Q2,1.38,1.55,97.06,460431,59.54,1.7,94.77,13.04,4.09
2009 Q3,0.79,1.64,98.76,460722,68.2,1.5,96.86,13.04,4.22
2009 Q4,0.6,1.63,100.01,462152,76.07,1.6,98.1,13.04,4.33
2010 Q1,0.63,1.56,100.33,465380,78.63,2,98.63,13.05,4.36
2010 Q2,0.69,1.49,99.64,470655,77.89,2,99.86,13.06,4.36
2010 Q3,0.73,1.55,98.68,473954,76.17,1.9,100.67,13.07,4.33
2010 Q4,0.74,1.58,97.66,474526,85.03,2.2,100.99,13.07,4.44
2011 Q1,0.79,1.6,96.63,476720,93.98,2.7,101.61,13.07,4.54
2011 Q2,0.82,1.63,96.75,477202,102.55,2.8,101.58,13.08,4.63
2011 Q3,0.87,1.61,96.11,478726,89.71,2.8,100.47,13.08,4.50
2011 Q4,1.01,1.57,95.48,479335,94.06,2.8,99.27,13.08,4.54
2012 Q1,1.07,1.57,95.97,482583,102.89,2.3,100.52,13.09,4.63
2012 Q2,0.99,1.58,95.81,482299,93.48,2,100.23,13.09,4.54
2012 Q3,0.72,1.58,96.28,488205,92.27,2,100.07,13.10,4.52
2012 Q4,0.53,1.61,96.65,487000,88.16,2.3,100.19,13.10,4.48
2013 Q1,0.51,1.55,96.83,489236,94.35,2,100.07,13.10,4.55
2013 Q2,0.51,1.54,97.57,492451,94.22,2,100.08,13.11,4.55
2013 Q3,0.51,1.55,99.42,496229,105.82,1.9,101.63,13.11,4.66
2013 Q4,0.52,1.62,99.8,498839,97.34,1.6,102.7,13.12,4.58
2014 Q1,0.52,1.66,100.87,503492,98.75,1.5,102.22,13.13,4.59
2014 Q2,0.53,1.68,101.69,507551,103.35,1.7,102.59,13.14,4.64
2014 Q3,0.56,1.67,101.74,510988,97.78,1.7,102.39,13.14,4.58
2014 Q4,0.56,1.58,101.56,513852,73.16,1.4,102.09,13.15,4.29
2015 Q1,0.56,1.51,102.23,517165,48.54,1.4,102.13,13.16,3.88
2015 Q2,0.57,1.53,102.41,520984,57.85,1.1,101.41,13.16,4.06
2015 Q3,0.58,1.55,102.53,523783,46.42,1.3,101.1,13.17,3.84
2015 Q4,0.58,1.52,102.55,527344,41.95,1.4,100.44,13.18,3.74
2016 Q1,0.59,1.43,102.51,529673,33.18,1.5,100.4,13.18,3.50
2016 Q2,0.58,1.43,101.72,532731,45.41,1.5,101.11,13.19,3.82
2016 Q3,0.43,1.31,100.85,535103,44.85,1.6,101.27,13.19,3.80
2016 Q4,0.39,1.24,101.19,539059,49.14,1.7,102.08,13.20,3.89
2017 Q1,0.35,1.24,100.89,542562,51.77,1.9,102.83,13.20,3.95
2017 Q2,0.31,1.28,100.66,544248,48.24,2.4,103.11,13.21,3.88
2017 Q3,0.29,1.31,100.39,546579,48.16,2.5,103.37,13.21,3.87
2017 Q4,0.47,1.33,100.42,548781,55.37,2.4,103.18,13.22,4.01
2018 Q1,0.57,1.39,100.64,550080,62.89,2.2,102.31,13.22,4.14
2018 Q2,0.68,1.36,100.91,553087,68.03,1.9,101.98,13.22,4.22
2018 Q3,0.78,1.3,100.95,556581,69.76,1.8,102.42,13.23,4.25
2018 Q4,0.86,1.29,100.25,558448,59.08,1.8,102.26,13.23,4.08
2019 Q1,0.88,1.3,99.52,562033,54.83,1.8,101.42,13.24,4.00
2019 Q2,0.8,1.29,99.84,562779,59.78,1.7,99.68,13.24,4.09
2019 Q3,0.77,1.23,99.87,565362,56.37,1.7,98.46,13.25,4.03
2019 Q4,0.79,1.29,100.23,565109,56.96,1.6,98.45,13.24,4.04
2020 Q1,0.67,1.28,100.09,550205,45.76,1.6,97.76,13.22,3.82
2020 Q2,0.39,1.24,96.99,443193,27.81,1.4,94.41,13.00,3.33
2020 Q3,0.08,1.29,97.44,521073,40.89,1.4,97.43,13.16,3.71
2020 Q4,0.04,1.32,97.1,528902,42.45,1.4,98.74,13.18,3.75
2021 Q1,0.05,1.38,99.26,522712,57.79,1.3,99.83,13.17,4.06
2021 Q2,0.08,1.4,102.41,552237,66.09,1.9,103.92,13.22,4.19
2021 Q3,0.07,1.38,102.2,557698,70.62,2.5,105.03,13.23,4.26
2021 Q4,0.15,1.35,100.2,563070,77.45,3.5,105.51,13.24,4.35